{
  "lang":"en",
  "name":"pipeline",
  "version":"0.0.0",
  "spacy_version":">=3.7.5,<3.8.0",
  "description":"",
  "author":"",
  "email":"",
  "url":"",
  "license":"",
  "spacy_git_version":"a6d0fc360",
  "vectors":{
    "width":0,
    "vectors":0,
    "keys":0,
    "name":null,
    "mode":"default"
  },
  "labels":{
    "transformer":[

    ],
    "ner":[
      "EVENT",
      "FAC",
      "GPE",
      "LAW",
      "LOC",
      "MONEY",
      "NORP",
      "ORDINAL",
      "ORG",
      "PERCENT",
      "PERSON",
      "PRODUCT",
      "QUANTITY",
      "TIME",
      "WORK_OF_ART"
    ]
  },
  "pipeline":[
    "transformer",
    "ner"
  ],
  "components":[
    "transformer",
    "ner"
  ],
  "disabled":[

  ],
  "performance":{
    "ents_f":0.9850886072,
    "ents_p":0.9868329449,
    "ents_r":0.9833504253,
    "ents_per_type":{
      "GPE":{
        "p":0.9955394816,
        "r":0.986383182,
        "f":0.9909401812
      },
      "ORG":{
        "p":0.9902007421,
        "r":0.9913325079,
        "f":0.9907663018
      },
      "EVENT":{
        "p":0.9774919614,
        "r":0.987012987,
        "f":0.9822294023
      },
      "PERCENT":{
        "p":0.9822860963,
        "r":0.9832719973,
        "f":0.9827787995
      },
      "MONEY":{
        "p":0.9693754521,
        "r":0.9672762271,
        "f":0.9683247019
      },
      "PERSON":{
        "p":0.988027366,
        "r":0.9763380282,
        "f":0.9821479173
      },
      "WORK_OF_ART":{
        "p":0.9944751381,
        "r":0.9944751381,
        "f":0.9944751381
      },
      "QUANTITY":{
        "p":0.98,
        "r":0.98,
        "f":0.98
      },
      "PRODUCT":{
        "p":0.984375,
        "r":0.8873239437,
        "f":0.9333333333
      },
      "TIME":{
        "p":1.0,
        "r":0.9974489796,
        "f":0.9987228608
      },
      "ORDINAL":{
        "p":0.9814814815,
        "r":0.9298245614,
        "f":0.954954955
      },
      "LOC":{
        "p":0.9494799406,
        "r":0.9537313433,
        "f":0.9516008935
      },
      "LAW":{
        "p":0.9545454545,
        "r":0.9545454545,
        "f":0.9545454545
      },
      "FAC":{
        "p":0.9647355164,
        "r":0.9845758355,
        "f":0.9745547074
      },
      "NORP":{
        "p":0.9924623116,
        "r":0.9866777685,
        "f":0.9895615866
      }
    },
    "transformer_loss":52.7738178893,
    "ner_loss":84.989409362
  }
}