{
  "lang":"en",
  "name":"pipeline",
  "version":"0.0.0",
  "spacy_version":">=3.5.2,<3.6.0",
  "description":"",
  "author":"",
  "email":"",
  "url":"",
  "license":"",
  "spacy_git_version":"aea4a96f9",
  "vectors":{
    "width":0,
    "vectors":0,
    "keys":0,
    "name":null,
    "mode":"default"
  },
  "labels":{
    "tok2vec":[

    ],
    "ner":[
      "EVENT",
      "FAC",
      "GPE",
      "LAW",
      "LOC",
      "MONEY",
      "NORP",
      "ORDINAL",
      "ORG",
      "PERCENT",
      "PERSON",
      "PRODUCT",
      "QUANTITY",
      "TIME",
      "WORK_OF_ART"
    ]
  },
  "pipeline":[
    "tok2vec",
    "ner"
  ],
  "components":[
    "tok2vec",
    "ner"
  ],
  "disabled":[

  ],
  "performance":{
    "ents_f":0.9690329016,
    "ents_p":0.971102293,
    "ents_r":0.966972311,
    "ents_per_type":{
      "GPE":{
        "p":0.9663964282,
        "r":0.9824414716,
        "f":0.9743528994
      },
      "ORG":{
        "p":0.984249686,
        "r":0.9701876369,
        "f":0.9771680737
      },
      "EVENT":{
        "p":0.9602888087,
        "r":0.8636363636,
        "f":0.9094017094
      },
      "PERCENT":{
        "p":0.984375,
        "r":0.9484777518,
        "f":0.9660930312
      },
      "MONEY":{
        "p":0.965973535,
        "r":0.9836381136,
        "f":0.9747257988
      },
      "PERSON":{
        "p":0.9719258843,
        "r":0.9752112676,
        "f":0.9735658043
      },
      "WORK_OF_ART":{
        "p":0.9572649573,
        "r":0.9281767956,
        "f":0.9424964937
      },
      "QUANTITY":{
        "p":0.6153846154,
        "r":0.64,
        "f":0.6274509804
      },
      "PRODUCT":{
        "p":0.8292682927,
        "r":0.9577464789,
        "f":0.8888888889
      },
      "TIME":{
        "p":0.9898477157,
        "r":0.9948979592,
        "f":0.9923664122
      },
      "ORDINAL":{
        "p":0.9272727273,
        "r":0.8947368421,
        "f":0.9107142857
      },
      "LOC":{
        "p":0.9140495868,
        "r":0.8253731343,
        "f":0.8674509804
      },
      "FAC":{
        "p":0.8759894459,
        "r":0.853470437,
        "f":0.8645833333
      },
      "LAW":{
        "p":0.8117647059,
        "r":0.7840909091,
        "f":0.7976878613
      },
      "NORP":{
        "p":0.9724770642,
        "r":0.9708576187,
        "f":0.9716666667
      }
    },
    "tok2vec_loss":6040.7804955494,
    "ner_loss":1237.5892796425
  }
}