{
  "lang":"en",
  "name":"pipeline",
  "version":"0.0.0",
  "spacy_version":">=3.5.0,<3.6.0",
  "description":"",
  "author":"",
  "email":"",
  "url":"",
  "license":"",
  "spacy_git_version":"dec81508d",
  "vectors":{
    "width":0,
    "vectors":0,
    "keys":0,
    "name":null,
    "mode":"default"
  },
  "labels":{
    "tok2vec":[

    ],
    "ner":[
      "EVENT",
      "FAC",
      "GPE",
      "LAW",
      "LOC",
      "MONEY",
      "NORP",
      "ORDINAL",
      "ORG",
      "PERCENT",
      "PERSON",
      "PRODUCT",
      "QUANTITY",
      "TIME",
      "WORK_OF_ART"
    ]
  },
  "pipeline":[
    "tok2vec",
    "ner"
  ],
  "components":[
    "tok2vec",
    "ner"
  ],
  "disabled":[

  ],
  "performance":{
    "ents_f":0.9556101917,
    "ents_p":0.9473020492,
    "ents_r":0.9640653537,
    "ents_per_type":{
      "GPE":{
        "p":0.9610326352,
        "r":0.9706779494,
        "f":0.9658312121
      },
      "ORG":{
        "p":0.9512507535,
        "r":0.980963481,
        "f":0.9658786627
      },
      "EVENT":{
        "p":0.897755611,
        "r":0.8888888889,
        "f":0.8933002481
      },
      "PERCENT":{
        "p":0.9451073986,
        "r":0.9593539704,
        "f":0.9521773978
      },
      "MONEY":{
        "p":0.9494479954,
        "r":0.9685832839,
        "f":0.9589201878
      },
      "PERSON":{
        "p":0.9337390128,
        "r":0.9732205779,
        "f":0.9530710835
      },
      "WORK_OF_ART":{
        "p":0.9109589041,
        "r":0.9006772009,
        "f":0.9057888763
      },
      "QUANTITY":{
        "p":0.859375,
        "r":0.7236842105,
        "f":0.7857142857
      },
      "PRODUCT":{
        "p":0.8878504673,
        "r":0.811965812,
        "f":0.8482142857
      },
      "TIME":{
        "p":0.9708939709,
        "r":0.9978632479,
        "f":0.9841938883
      },
      "ORDINAL":{
        "p":0.9322033898,
        "r":0.7971014493,
        "f":0.859375
      },
      "LOC":{
        "p":0.8745247148,
        "r":0.8313253012,
        "f":0.8523780111
      },
      "FAC":{
        "p":0.8552915767,
        "r":0.8389830508,
        "f":0.8470588235
      },
      "LAW":{
        "p":0.8444444444,
        "r":0.7037037037,
        "f":0.7676767677
      },
      "NORP":{
        "p":0.9547038328,
        "r":0.9357923497,
        "f":0.9451535012
      }
    },
    "tok2vec_loss":3368.8331841615,
    "ner_loss":1098.7101052025
  }
}