{
  "lang":"en",
  "name":"pipeline",
  "version":"0.0.0",
  "spacy_version":">=3.8.2,<3.9.0",
  "description":"",
  "author":"",
  "email":"",
  "url":"",
  "license":"",
  "spacy_git_version":"63f1b53",
  "vectors":{
    "width":0,
    "vectors":0,
    "keys":0,
    "name":null,
    "mode":"default"
  },
  "labels":{
    "transformer":[

    ],
    "ner":[
      "EVENT",
      "FAC",
      "GPE",
      "LAW",
      "LOC",
      "MONEY",
      "NORP",
      "ORDINAL",
      "ORG",
      "PERCENT",
      "PERSON",
      "PRODUCT",
      "QUANTITY",
      "TIME",
      "WORK_OF_ART"
    ]
  },
  "pipeline":[
    "transformer",
    "ner"
  ],
  "components":[
    "transformer",
    "ner"
  ],
  "disabled":[

  ],
  "performance":{
    "ents_f":0.9831009717,
    "ents_p":0.983575871,
    "ents_r":0.9826265307,
    "ents_per_type":{
      "GPE":{
        "p":0.9932668029,
        "r":0.9867415194,
        "f":0.9899934088
      },
      "ORG":{
        "p":0.989997142,
        "r":0.9898085532,
        "f":0.9899028386
      },
      "EVENT":{
        "p":0.9712460064,
        "r":0.987012987,
        "f":0.9790660225
      },
      "PERCENT":{
        "p":0.9796666667,
        "r":0.9832719973,
        "f":0.981466021
      },
      "MONEY":{
        "p":0.9554761905,
        "r":0.9655919153,
        "f":0.9605074198
      },
      "PERSON":{
        "p":0.9882924043,
        "r":0.9749295775,
        "f":0.9815655133
      },
      "WORK_OF_ART":{
        "p":0.9917127072,
        "r":0.9917127072,
        "f":0.9917127072
      },
      "QUANTITY":{
        "p":0.9795918367,
        "r":0.96,
        "f":0.9696969697
      },
      "PRODUCT":{
        "p":0.9242424242,
        "r":0.8591549296,
        "f":0.8905109489
      },
      "TIME":{
        "p":0.9924050633,
        "r":1.0,
        "f":0.9961880559
      },
      "ORDINAL":{
        "p":1.0,
        "r":0.9298245614,
        "f":0.9636363636
      },
      "LOC":{
        "p":0.9441176471,
        "r":0.9582089552,
        "f":0.9511111111
      },
      "LAW":{
        "p":0.9230769231,
        "r":0.9545454545,
        "f":0.938547486
      },
      "FAC":{
        "p":0.9594936709,
        "r":0.9742930591,
        "f":0.9668367347
      },
      "NORP":{
        "p":0.9900166389,
        "r":0.9908409659,
        "f":0.9904286309
      }
    },
    "transformer_loss":167.1794498945,
    "ner_loss":241.3656921387
  }
}