{
  "lang":"en",
  "name":"pipeline",
  "version":"0.0.0",
  "spacy_version":">=3.5.0,<3.6.0",
  "description":"",
  "author":"",
  "email":"",
  "url":"",
  "license":"",
  "spacy_git_version":"dec81508d",
  "vectors":{
    "width":0,
    "vectors":0,
    "keys":0,
    "name":null,
    "mode":"default"
  },
  "labels":{
    "tok2vec":[

    ],
    "ner":[
      "EVENT",
      "FAC",
      "GPE",
      "LAW",
      "LOC",
      "MONEY",
      "NORP",
      "ORDINAL",
      "ORG",
      "PERCENT",
      "PERSON",
      "PRODUCT",
      "QUANTITY",
      "TIME",
      "WORK_OF_ART"
    ]
  },
  "pipeline":[
    "tok2vec",
    "ner"
  ],
  "components":[
    "tok2vec",
    "ner"
  ],
  "disabled":[

  ],
  "performance":{
    "ents_f":0.9599468582,
    "ents_p":0.9569333399,
    "ents_r":0.9629794166,
    "ents_per_type":{
      "MONEY":{
        "p":0.9637152435,
        "r":0.9656194428,
        "f":0.9646664035
      },
      "ORG":{
        "p":0.9668257389,
        "r":0.975990676,
        "f":0.9713865904
      },
      "GPE":{
        "p":0.9624221184,
        "r":0.9727442684,
        "f":0.9675556643
      },
      "EVENT":{
        "p":0.8629807692,
        "r":0.8864197531,
        "f":0.87454324
      },
      "PERCENT":{
        "p":0.9570354458,
        "r":0.9593539704,
        "f":0.9581933056
      },
      "PERSON":{
        "p":0.9738841406,
        "r":0.9635893822,
        "f":0.9687094108
      },
      "WORK_OF_ART":{
        "p":0.8251473477,
        "r":0.9480812641,
        "f":0.8823529412
      },
      "QUANTITY":{
        "p":0.8970588235,
        "r":0.8026315789,
        "f":0.8472222222
      },
      "PRODUCT":{
        "p":0.900990099,
        "r":0.7777777778,
        "f":0.8348623853
      },
      "TIME":{
        "p":0.9648033126,
        "r":0.9957264957,
        "f":0.9800210305
      },
      "ORDINAL":{
        "p":0.9344262295,
        "r":0.8260869565,
        "f":0.8769230769
      },
      "LOC":{
        "p":0.8877679697,
        "r":0.8481927711,
        "f":0.8675292668
      },
      "FAC":{
        "p":0.8088235294,
        "r":0.8156779661,
        "f":0.8122362869
      },
      "LAW":{
        "p":0.8255813953,
        "r":0.6574074074,
        "f":0.7319587629
      },
      "NORP":{
        "p":0.9298013245,
        "r":0.9590163934,
        "f":0.9441829186
      }
    },
    "tok2vec_loss":4679.7747975888,
    "ner_loss":1394.5997718382
  }
}