{
  "lang":"en",
  "name":"pipeline",
  "version":"0.0.0",
  "spacy_version":">=3.7.5,<3.8.0",
  "description":"",
  "author":"",
  "email":"",
  "url":"",
  "license":"",
  "spacy_git_version":"a6d0fc360",
  "vectors":{
    "width":0,
    "vectors":0,
    "keys":0,
    "name":null,
    "mode":"default"
  },
  "labels":{
    "transformer":[

    ],
    "ner":[
      "EVENT",
      "FAC",
      "GPE",
      "LAW",
      "LOC",
      "MONEY",
      "NORP",
      "ORDINAL",
      "ORG",
      "PERCENT",
      "PERSON",
      "PRODUCT",
      "QUANTITY",
      "TIME",
      "WORK_OF_ART"
    ]
  },
  "pipeline":[
    "transformer",
    "ner"
  ],
  "components":[
    "transformer",
    "ner"
  ],
  "disabled":[

  ],
  "performance":{
    "ents_f":0.985263667,
    "ents_p":0.9874276712,
    "ents_r":0.9831091271,
    "ents_per_type":{
      "GPE":{
        "p":0.995060836,
        "r":0.9866220736,
        "f":0.9908234871
      },
      "ORG":{
        "p":0.9903836999,
        "r":0.9907610249,
        "f":0.9905723264
      },
      "EVENT":{
        "p":0.9682539683,
        "r":0.9902597403,
        "f":0.9791332263
      },
      "PERCENT":{
        "p":0.9835900871,
        "r":0.9826028772,
        "f":0.9830962343
      },
      "MONEY":{
        "p":0.9773502192,
        "r":0.9655919153,
        "f":0.9714354878
      },
      "PERSON":{
        "p":0.9883124287,
        "r":0.9766197183,
        "f":0.9824312836
      },
      "WORK_OF_ART":{
        "p":0.9863387978,
        "r":0.9972375691,
        "f":0.9917582418
      },
      "QUANTITY":{
        "p":1.0,
        "r":0.98,
        "f":0.9898989899
      },
      "PRODUCT":{
        "p":0.9384615385,
        "r":0.8591549296,
        "f":0.8970588235
      },
      "TIME":{
        "p":1.0,
        "r":0.9974489796,
        "f":0.9987228608
      },
      "ORDINAL":{
        "p":0.9814814815,
        "r":0.9298245614,
        "f":0.954954955
      },
      "LOC":{
        "p":0.9428152493,
        "r":0.9597014925,
        "f":0.951183432
      },
      "LAW":{
        "p":0.9655172414,
        "r":0.9545454545,
        "f":0.96
      },
      "FAC":{
        "p":0.9648241206,
        "r":0.9871465296,
        "f":0.9758576874
      },
      "NORP":{
        "p":0.9883138564,
        "r":0.9858451291,
        "f":0.9870779491
      }
    },
    "transformer_loss":74.5036320632,
    "ner_loss":97.0286588814
  }
}