{
  "lang":"en",
  "name":"pipeline",
  "version":"0.0.0",
  "spacy_version":">=3.8.2,<3.9.0",
  "description":"",
  "author":"",
  "email":"",
  "url":"",
  "license":"",
  "spacy_git_version":"63f1b53",
  "vectors":{
    "width":0,
    "vectors":0,
    "keys":0,
    "name":null,
    "mode":"default"
  },
  "labels":{
    "transformer":[

    ],
    "ner":[
      "EVENT",
      "FAC",
      "GPE",
      "LAW",
      "LOC",
      "MONEY",
      "NORP",
      "ORDINAL",
      "ORG",
      "PERCENT",
      "PERSON",
      "PRODUCT",
      "QUANTITY",
      "TIME",
      "WORK_OF_ART"
    ]
  },
  "pipeline":[
    "transformer",
    "ner"
  ],
  "components":[
    "transformer",
    "ner"
  ],
  "disabled":[

  ],
  "performance":{
    "ents_f":0.9841461756,
    "ents_p":0.9862478418,
    "ents_r":0.9820534475,
    "ents_per_type":{
      "GPE":{
        "p":0.9926682692,
        "r":0.9865026278,
        "f":0.9895758447
      },
      "ORG":{
        "p":0.9911259542,
        "r":0.9893323174,
        "f":0.9902283236
      },
      "EVENT":{
        "p":0.9712460064,
        "r":0.987012987,
        "f":0.9790660225
      },
      "PERCENT":{
        "p":0.9729015202,
        "r":0.9849447976,
        "f":0.978886118
      },
      "MONEY":{
        "p":0.9754138267,
        "r":0.9641482194,
        "f":0.9697483059
      },
      "PERSON":{
        "p":0.9866058706,
        "r":0.9752112676,
        "f":0.9808754781
      },
      "WORK_OF_ART":{
        "p":0.9971988796,
        "r":0.9834254144,
        "f":0.9902642559
      },
      "QUANTITY":{
        "p":0.9795918367,
        "r":0.96,
        "f":0.9696969697
      },
      "PRODUCT":{
        "p":0.9830508475,
        "r":0.8169014085,
        "f":0.8923076923
      },
      "TIME":{
        "p":1.0,
        "r":1.0,
        "f":1.0
      },
      "ORDINAL":{
        "p":1.0,
        "r":0.9122807018,
        "f":0.9541284404
      },
      "LOC":{
        "p":0.9650455927,
        "r":0.947761194,
        "f":0.9563253012
      },
      "LAW":{
        "p":0.9120879121,
        "r":0.9431818182,
        "f":0.9273743017
      },
      "FAC":{
        "p":0.9622166247,
        "r":0.9820051414,
        "f":0.9720101781
      },
      "NORP":{
        "p":0.9900166389,
        "r":0.9908409659,
        "f":0.9904286309
      }
    },
    "transformer_loss":174.5214648495,
    "ner_loss":290.9970703125
  }
}